service,year,quarter,tiles,tests,devices,pop_weight,area_km2,d_mean_tile,d_median_tile,d_mean_pop,d_median_pop,d_p10_pop,d_p90_pop,u_median_pop,lat_median_pop,pct_above_bb,pct_above_hi,divide_ratio,period
fixed,2025,1,3692.0,32052.0,8449.0,18354338.21540162,1357.646972700677,40.376528439869986,28.835,39.1934968895502,26.66,6.082486467368604,93.34522539138686,12.289863806623467,31.0,80.68026067750462,51.83994208273086,15.34655701943053,2025 Q1
mobile,2025,1,8445.0,38387.0,14338.0,41732007.16409823,3100.7358042748206,47.49935476613381,19.211,48.193140324512406,19.22639320645675,2.744,119.21010835890608,13.354,35.0,69.36946772172118,41.24656460076092,43.443917040417666,2025 Q1
fixed,2025,2,4577.0,46006.0,10864.0,21874803.9318496,1683.6557301955586,49.94725344111863,30.603,50.40034610263449,29.188622904498693,5.663435557779088,128.47464445374047,13.44577001754038,30.0,81.23250782263895,55.49116957276284,22.684930929826226,2025 Q2
mobile,2025,2,8938.0,44756.0,15025.0,43677528.94942629,3281.6489074328415,45.71668102483777,19.829,46.54348006824183,20.026023080454348,3.189,108.99452421384204,13.19020760966189,34.0,71.230356692696,42.716235554748806,34.178276642785214,2025 Q2
fixed,2025,3,5564.0,63091.0,13552.0,25150674.906266093,2046.2074031638303,53.3767936736161,34.1205,52.82932000089188,33.08660546063658,6.805876501400752,128.91346366334676,14.654433898809032,29.0,84.14338328924914,60.26981139958107,18.941493228214533,2025 Q3
mobile,2025,3,10472.0,58907.0,18811.0,48376467.52177355,3844.1105664526053,42.41540842245989,19.8215,42.12908335367009,19.99394569731021,3.5735408210137103,98.2029171243351,13.31640977126368,35.0,71.99110721475563,42.01471928420408,27.480563968058373,2025 Q3
fixed,2025,4,6078.0,66425.0,15017.0,27126240.253455043,2235.168931872455,55.85287923659098,35.051500000000004,54.988903603464955,34.55514747894589,7.225832814669231,136.7837917261193,17.62160114815215,28.0,84.6444577180592,62.82870601923916,18.92983068310593,2025 Q4
mobile,2025,4,15248.0,89019.0,31430.0,62529235.34585971,5594.80453664642,36.477341946484785,18.0425,36.599693583569525,18.551111219380868,3.102586560300497,85.73164251787165,13.477026992698406,37.0,69.48665023096662,39.77914522364123,27.632312862712915,2025 Q4
fixed,2026,1,8001.0,86717.0,19388.0,34898853.87761414,2942.1936959398718,52.734728783902014,36.387,50.740260913877215,35.65050720824177,8.363211362928794,113.9569456534342,19.337533709573023,30.0,87.75839644866349,66.40841019650871,13.625979388559482,2026 Q1
mobile,2026,1,16123.0,99764.0,34504.0,64002711.80612278,5918.749525125871,39.29694523351734,19.849,40.46744960154315,20.75,3.8603195159659878,92.32489785281852,13.505895774895555,38.0,73.09902076395916,43.26477511941241,23.916387612727334,2026 Q1
fixed,2026,2,11265.0,168595.0,29612.0,45285439.53996709,4141.514358067504,46.07448237905015,33.155,45.13766860278083,32.95703805736562,7.737056702413571,93.02761639620871,20.168,33.0,86.81172820168335,64.85065648040063,12.023644129063808,2026 Q2
mobile,2026,2,17782.0,111525.0,37319.0,68993742.39115334,6523.0418301638965,37.133966033067146,19.2425,38.04519945942374,20.111060185716454,3.651322644319448,87.5920934051823,13.220109574953355,39.0,72.90377401328843,42.07329827566928,23.989140905270002,2026 Q2
